{
  "0": {
    "demand": 44.786,
    "saturation": 7701.0,
    "opportunity_score": 0.005816
  },
  "1": {
    "demand": 46.759,
    "saturation": 12901.0,
    "opportunity_score": 0.003624
  },
  "2": {
    "demand": 46.838,
    "saturation": 6759.0,
    "opportunity_score": 0.00693
  },
  "3": {
    "demand": 43.037,
    "saturation": 2949.0,
    "opportunity_score": 0.014594
  },
  "4": {
    "demand": 43.35,
    "saturation": 2355.0,
    "opportunity_score": 0.018408
  },
  "5": {
    "demand": 45.896,
    "saturation": 13116.0,
    "opportunity_score": 0.003499
  },
  "6": {
    "demand": 40.585,
    "saturation": 4219.0,
    "opportunity_score": 0.00962
  }
}