{
  "0": {
    "demand": 48.221,
    "saturation": 4169.0,
    "opportunity_score": 0.011567
  },
  "1": {
    "demand": 50.227,
    "saturation": 8193.0,
    "opportunity_score": 0.006131
  },
  "2": {
    "demand": 47.789,
    "saturation": 1456.0,
    "opportunity_score": 0.032822
  },
  "3": {
    "demand": 44.434,
    "saturation": 2253.0,
    "opportunity_score": 0.019722
  },
  "4": {
    "demand": 49.879,
    "saturation": 5218.0,
    "opportunity_score": 0.009559
  },
  "5": {
    "demand": 47.098,
    "saturation": 1824.0,
    "opportunity_score": 0.025821
  },
  "6": {
    "demand": 49.745,
    "saturation": 3710.0,
    "opportunity_score": 0.013408
  },
  "7": {
    "demand": 48.662,
    "saturation": 5407.0,
    "opportunity_score": 0.009
  },
  "8": {
    "demand": 47.964,
    "saturation": 1855.0,
    "opportunity_score": 0.025857
  },
  "9": {
    "demand": 50.156,
    "saturation": 7257.0,
    "opportunity_score": 0.006911
  }
}