{
  "0": {
    "demand": 44.113,
    "saturation": 5006.0,
    "opportunity_score": 0.008812
  },
  "1": {
    "demand": 45.996,
    "saturation": 6004.0,
    "opportunity_score": 0.007661
  },
  "2": {
    "demand": 39.566,
    "saturation": 3317.0,
    "opportunity_score": 0.011928
  },
  "3": {
    "demand": 46.221,
    "saturation": 9805.0,
    "opportunity_score": 0.004714
  },
  "4": {
    "demand": 46.212,
    "saturation": 8487.0,
    "opportunity_score": 0.005445
  },
  "5": {
    "demand": 42.916,
    "saturation": 2404.0,
    "opportunity_score": 0.017852
  },
  "6": {
    "demand": 42.377,
    "saturation": 2020.0,
    "opportunity_score": 0.020979
  },
  "7": {
    "demand": 42.637,
    "saturation": 2161.0,
    "opportunity_score": 0.01973
  },
  "8": {
    "demand": 45.246,
    "saturation": 4411.0,
    "opportunity_score": 0.010258
  },
  "9": {
    "demand": 44.564,
    "saturation": 6385.0,
    "opportunity_score": 0.006979
  }
}